GivenName,Surname,StreetAddress,City,State,ZipCode,Country
Tabitha,O'Donnell,"1954 7th Ave",Calgary,AB,"T2P 0W4",CA
Patrick,Connolly,"278 Duke Street",Montreal,QC,"H3C 5K4",CA
Carlos,Christian,"2591 Victoria Park Ave",Toronto,ON,"M2J 3T7",CA
Victoria,England,"3544 Walsh Street","Thunder Bay",ON,"P7E 1J5",CA
Nancy,Hamdan,"3162 Maynard Rd",Calgary,AB,"T2E 6J8",CA
Ramona,Hicks,"1123 Garafraxa St","Port Elgin",ON,"N0H 2C0",CA
Racquel,Thomas,"1849 Thurston Dr",Ottawa,ON,"K1P 1C1",CA
Thuy,Lytton,"4048 Russell Street",Victoria,PE,"C0A 2G0",CA
Darrell,Lopez,"2668 Adelaide St",Toronto,ON,"M5H 1P6",CA
Anthony,Ruff,"3001 Park Ct","Stony Plain",AB,"T0E 2G0",CA
Keith,Breeden,"597 St. John Street",Borden,SK,"S4P 3Y2",CA
Keith,Glover,"4763 White Point Road",Liverpool,NS,"B0T 1K0",CA
Karen,Heffner,"1657 Mesa Vista Drive",Merritt,BC,"V0K 2B0",CA
William,Ludlum,"4936 Jade St",Richmond,BC,"V7E 2E4",CA
Anthony,Trevino,"372 Park Ct",Evansburg,AB,"T0E 0T0",CA
David,Zoll,"252 York Mills Rd",Toronto,ON,"M3B 1Y2",CA
Rebecca,Dobson,"2241 Adelaide St",Toronto,ON,"M5H 1P6",CA
William,Jones,"2516 11th Ave",Calgary,AB,"T2P 1M6",CA
Philip,Backman,"3050 Eglinton Avenue",Toronto,ON,"M4P 1A6",CA
Kristen,Santos,"3271 Adelaide St",Toronto,ON,"M5H 1P6",CA
Frances,Schenck,"4430 137th Avenue",Edmonton,AB,"T5M 3K3",CA
Scott,Bell,"1222 Tchesinkut Lake Rd","Fort St James",BC,"V0J 1P0",CA
Megan,Abbott,"3977 Merivale Road",Ottawa,ON,"K2P 0K1",CA
Anthony,Sommer,"3950 Hammarskjold Dr",Burnaby,BC,"V5B 3C9",CA
Curtis,Mosqueda,"3102 Island Hwy","Campbell River",BC,"V9W 2L9",CA
Michael,Carroll,"3734 Papineau Avenue",Montreal,QC,"H2K 4J5",CA
Debi,Osborn,"2215 90th Avenue",Strathmore,AB,"T0J 3H0",CA
Gerald,Switzer,"505 Granville St",Halifax,NS,"B3K 5L2",CA
Laurence,Welsh,"963 Maynard Rd",Calgary,AB,"T2E 6J8",CA
Maria,Floyd,"1981 Blanshard",Victoria,BC,"V8W 2H9",CA
Melissa,John,"3525 Maria St",Burlington,ON,"L7R 2G6",CA
Aurora,Garrison,"3201 Russell Avenue","White Rock",BC,"V4B 3E1",CA
Vera,Jefferson,"4204 43rd Avenue",Whitehorse,YT,"Y1A 2A2",CA
George,Cannon,"4732 Stum Lake Road","Mcleese Lake",BC,"V0L 1P0",CA
Sophia,Marchese,"4784 Higginsville Road",Waverley,NS,"B0N 2S0",CA
Karen,Robertson,"4222 Stum Lake Road","Beaver Valley",BC,"V0L 1G0",CA
Edward,Weisz,"3872 Whitmore Road",Woodbridge,ON,"L0L 0L0",CA
Irene,Brown,"1689 A Avenue",Edmonton,AB,"T5J 0K7",CA
Paul,Dupont,"196 Heritage Drive",Calgary,AB,"T2V 2W2",CA
Karen,Mateo,"4784 A Avenue",Edmonton,AB,"T5J 0K7",CA
Alice,Barber,"1397 Acton Avenue",Toronto,ON,"M3H 4J1",CA
Nicholas,Ware,"4198 St George Street",Vancouver,BC,"V5T 1Z7",CA
Leola,Lee,"2988 Dry Pine Bay Rd",Alban,ON,"P0M 1A0",CA
Julia,Grubbs,"3476 Wellington Ave",Chilliwack,BC,"V2P 2M1",CA
Jerry,Hunter,"3227 Ross Street",Kingston,ON,"K7M 7H6",CA
Scott,Fischer,"2421 A Avenue",Edmonton,AB,"T5J 0K7",CA
William,Lowery,"2391 Yonge Street",Toronto,ON,"M4W 1J7",CA
Cynthia,Clinton,"410 George Street",Peterborough,ON,"K9H 2L1",CA
Harold,Wallace,"1690 Bay Street",Toronto,ON,"M5J 2R8",CA
Chelsie,Stewart,"1515 Yonge Street",Toronto,ON,"M4W 1J7",CA
